"ID of id","nodeName","signature","ID of typeid","ID of parentid","ID of sourceid"
74,"ArgumentsMethod","ArgumentsMethod()",71,69,74
80,"Object","Object()",71,79,80
118,"ArrayHashCodeAndToStringProcessor","ArrayHashCodeAndToStringProcessor()",71,116,118
227,"ArraysToString","ArraysToString()",71,225,227
350,"AssignmentNull","AssignmentNull()",71,348,350
463,"BigDecimalDoubleConstructorProcessor","BigDecimalDoubleConstructorProcessor()",71,461,463
510,"BigDecimal","BigDecimal(double)",71,458,510
592,"BooleanExpression","BooleanExpression()",71,590,592
765,"ByteCompareInt","ByteCompareInt()",71,763,765
911,"CollectionEmptyCheck","CollectionEmptyCheck()",71,909,911
967,"ArrayList<Integer>","ArrayList<Integer>()",71,925,968
968,"ArrayList","ArrayList()",71,906,968
1178,"AbstractCollection","AbstractCollection()",71,939,1178
1180,"AbstractCollection<Integer>","AbstractCollection<Integer>()",71,938,1178
1538,"AbstractList","AbstractList()",71,935,1538
1539,"AbstractList<Integer>","AbstractList<Integer>()",71,934,1538
1751,"ArrayList","ArrayList(java.util.Collection)",71,906,1751
1753,"ArrayList<Integer>","ArrayList<Integer>(java.util.Collection)",71,925,1751
1755,"ArrayList","ArrayList(int)",71,906,1755
1757,"ArrayList<Integer>","ArrayList<Integer>(int)",71,925,1755
1895,"CollectionsEmptyConstantsProcessor","CollectionsEmptyConstantsProcessor()",71,1893,1895
2039,"CompareToReturnValueProcessor","CompareToReturnValueProcessor()",71,2037,2039
2127,"ComparizonModifier","ComparizonModifier()",71,2125,2127
2318,"ConstConds","ConstConds()",71,2316,2318
2399,"ConstVoidFuncs","ConstVoidFuncs()",71,2389,2399
2449,"ConvertOverloadMethod","ConvertOverloadMethod()",71,2447,2449
2535,"ConvertVariableAccessName","ConvertVariableAccessName()",71,2511,2535
2711,"ConvertVariableName","ConvertVariableName()",71,2701,2711
2774,"DangerousFuncs","DangerousFuncs()",71,2772,2774
2813,"","()",71,2808,2813
2815,"Thread","Thread(java.lang.Runnable)",71,2797,2815
2916,"DeadStoreProcessor","DeadStoreProcessor()",71,2914,2916
3021,"EmptyStringCheck","EmptyStringCheck()",71,3019,3021
3083,"EqBoolConsts","EqBoolConsts()",71,3081,3083
3192,"Animal","Animal()",71,3188,3192
3204,"Cat","Cat()",71,3203,3204
3239,"Dog","Dog()",71,3238,3239
3322,"Mouse","Mouse()",71,3321,3322
3402,"EqualsOnAtomicClassProcessor","EqualsOnAtomicClassProcessor()",71,3397,3402
3426,"AtomicInteger","AtomicInteger(int)",71,3394,3426
3558,"FMA","FMA(int)",71,3530,3558
3567,"FieldModifier","FieldModifier()",71,3528,3567
3625,"FloatConversion","FloatConversion()",71,3623,3625
3684,"InnerClassStatic","InnerClassStatic()",71,3682,3684
3694,"InnerClass","InnerClass()",71,3689,3694
3721,"NotInnerClass","NotInnerClass()",71,3720,3721
3736,"IsJunit4TestAnnotation","IsJunit4TestAnnotation()",71,3734,3736
3839,"IsNullCondition","IsNullCondition()",71,3837,3839
3954,"LoopHeadElement","LoopHeadElement()",71,3952,3954
4083,"MathOnFloatProcessor","MathOnFloatProcessor()",71,4081,4083
4177,"Flyable","Flyable()",71,4176,4177
4192,"FlyB","FlyB()",71,4191,4192
4219,"FlyC","FlyC()",71,4218,4219
4251,"MotivatingExample","MotivatingExample()",71,4250,4251
4341,"MutualRecursive","MutualRecursive()",71,4331,4341
4535,"ObjectsEqualsInvocationFilter","ObjectsEqualsInvocationFilter()",71,4533,4535
4610,"PrimitiveToString","PrimitiveToString()",71,4608,4610
4723,"PrimitiveTypeEqualsBinaryOperatorFilter","PrimitiveTypeEqualsBinaryOperatorFilter()",71,4721,4723
4860,"ProtectedMemberInFinalType","ProtectedMemberInFinalType()",71,4858,4860
4878,"NotFinalType","NotFinalType()",71,4877,4878
4915,"RedundantFieldInitialization","RedundantFieldInitialization()",71,4900,4915
4936,"ReturnModifier","ReturnModifier()",71,4931,4936
5032,"SerID1","SerID1()",71,5028,5032
5059,"SerID2","SerID2()",71,5055,5059
5083,"NoSerID","NoSerID()",71,5082,5083
5097,"OtherWithSerID","OtherWithSerID()",71,5093,5097
5122,"StaticAccessThroughInstance","StaticAccessThroughInstance()",71,5120,5122
5150,"SATI","SATI()",71,5142,5150
5166,"SATI2","SATI2()",71,5158,5166
5228,"StringBuilderDirectUse","StringBuilderDirectUse()",71,5226,5228
5252,"StringBuilder","StringBuilder()",71,5242,5252
5323,"StringCompare","StringCompare()",71,5321,5323
5461,"SuperEqualsMethodInvocationFilter","SuperEqualsMethodInvocationFilter()",71,5459,5461
5495,"InvokingSuper","InvokingSuper()",71,5494,5495
5531,"TargetModifier","TargetModifier()",71,5529,5531
5582,"CompareByteInt","CompareByteInt()",71,5576,5582
5621,"TestConstConditions","TestConstConditions()",71,5617,5621
5660,"TestDataFlow","TestDataFlow()",71,5650,5660
5797,"TestDouble2Float","TestDouble2Float()",71,5793,5797
5831,"TestEqBooleanConsts","TestEqBooleanConsts()",71,5826,5831
5877,"TestFloat2Int","TestFloat2Int()",71,5873,5877
5907,"TestStaticVoidMethod","TestStaticVoidMethod()",71,5906,5907
5924,"TestStringCompare","TestStringCompare()",71,5923,5924
5956,"TestThreadStop","TestThreadStop()",71,5952,5956
5961,"Thread","Thread()",71,2797,5961
6143,"Book","Book()",71,6142,6143
6158,"Novel","Novel()",71,6157,6158
6175,"TestUnusedLocals","TestUnusedLocals()",71,6170,6175
6232,"TestUseBreak","TestUseBreak()",71,6227,6232
6367,"ThreadLocal<String>","ThreadLocal<String>()",71,6346,6368
6368,"ThreadLocal","ThreadLocal()",71,6347,6368
6422,"ThreadLocalWithInitial","ThreadLocalWithInitial()",71,6350,6422
6469,"ThreadLocal<List<String>>","ThreadLocal<List<String>>()",71,6443,6368
6473,"","()",71,6450,6473
6503,"ArrayList<String>","ArrayList<String>()",71,6497,968
6575,"AbstractCollection<String>","AbstractCollection<String>()",71,6499,1178
6668,"AbstractList<String>","AbstractList<String>()",71,6498,1538
6757,"ArrayList<String>","ArrayList<String>(java.util.Collection)",71,6497,1751
6759,"ArrayList<String>","ArrayList<String>(int)",71,6497,1755
6775,"","()",71,6772,6775
6803,"ToStringReturningNullProcessor","ToStringReturningNullProcessor()",71,6801,6803
6855,"ToStringNotReturningNull","ToStringNotReturningNull()",71,6854,6855
6881,"UnsafeCasts","UnsafeCasts()",71,6879,6881
6948,"UnusedLocals","UnusedLocals()",71,6946,6948
7017,"UseBreak","UseBreak()",71,7015,7017
7152,"UtilityClassWithPublicConstructorProcessor","UtilityClassWithPublicConstructorProcessor()",71,7134,7152
7178,"NonUtilityClass","NonUtilityClass()",71,7158,7178
7226,"NonUtilityClass2","NonUtilityClass2()",71,7188,7226
7261,"VariableModifier","VariableModifier()",71,7246,7261
7638,"File","File(java.net.URI)",71,7533,7638
7640,"File","File(java.io.File,java.lang.String)",71,7533,7640
7643,"File","File(java.lang.String,java.lang.String)",71,7533,7643
7646,"File","File(java.lang.String)",71,7533,7646
7697,"FileDescriptor","FileDescriptor()",71,7654,7697
7709,"FileNotFoundException","FileNotFoundException(java.lang.String)",71,7706,7709
7711,"FileNotFoundException","FileNotFoundException()",71,7706,7711
7737,"FilterOutputStream","FilterOutputStream(java.io.OutputStream)",71,7718,7737
7746,"IOException","IOException(java.lang.Throwable)",71,7412,7746
7748,"IOException","IOException(java.lang.String,java.lang.Throwable)",71,7412,7748
7751,"IOException","IOException(java.lang.String)",71,7412,7751
7753,"IOException","IOException()",71,7412,7753
7797,"InputStream","InputStream()",71,7755,7797
7803,"InvalidClassException","InvalidClassException(java.lang.String,java.lang.String,java.lang.Throwable)",71,7798,7803
7807,"InvalidClassException","InvalidClassException(java.lang.String,java.lang.Throwable)",71,7798,7807
7810,"InvalidClassException","InvalidClassException(java.lang.String,java.lang.String)",71,7798,7810
7813,"InvalidClassException","InvalidClassException(java.lang.String)",71,7798,7813
7819,"InvalidObjectException","InvalidObjectException(java.lang.String,java.lang.Throwable)",71,7816,7819
7822,"InvalidObjectException","InvalidObjectException(java.lang.String)",71,7816,7822
7827,"NotActiveException","NotActiveException()",71,7824,7827
7828,"NotActiveException","NotActiveException(java.lang.String)",71,7824,7828
7932,"Enum","Enum(java.lang.String,int)",71,7867,7932
7935,"Enum<Status>","Enum<Status>(java.lang.String,int)",71,7866,7932
8016,"GetField","GetField()",71,7970,8016
8118,"ObjectInputStream","ObjectInputStream()",71,7973,8118
8121,"ObjectInputStream","ObjectInputStream(java.io.InputStream)",71,7973,8121
8188,"PutField","PutField()",71,8149,8188
8281,"ObjectOutputStream","ObjectOutputStream()",71,8152,8281
8284,"ObjectOutputStream","ObjectOutputStream(java.io.OutputStream)",71,8152,8284
8290,"ClassDataSlot","ClassDataSlot(java.io.ObjectStreamClass,boolean)",71,8287,8290
8403,"ObjectStreamClass","ObjectStreamClass()",71,8014,8403
8457,"ObjectStreamException","ObjectStreamException(java.lang.Throwable)",71,7801,8457
8459,"ObjectStreamException","ObjectStreamException()",71,7801,8459
8460,"ObjectStreamException","ObjectStreamException(java.lang.String,java.lang.Throwable)",71,7801,8460
8463,"ObjectStreamException","ObjectStreamException(java.lang.String)",71,7801,8463
8486,"ObjectStreamField","ObjectStreamField(java.lang.reflect.Field,boolean,boolean)",71,8365,8486
8495,"ObjectStreamField","ObjectStreamField(java.lang.String,java.lang.String,boolean)",71,8365,8495
8499,"ObjectStreamField","ObjectStreamField(java.lang.String,java.lang.Class,boolean)",71,8365,8499
8503,"ObjectStreamField","ObjectStreamField(java.lang.String,java.lang.Class)",71,8365,8503
8509,"OptionalDataException","OptionalDataException(boolean)",71,8506,8509
8511,"OptionalDataException","OptionalDataException(int)",71,8506,8511
8533,"OutputStream","OutputStream()",71,7721,8533
8611,"PrintStream","PrintStream(java.io.File,java.nio.charset.Charset)",71,284,8611
8615,"PrintStream","PrintStream(java.io.File,java.lang.String)",71,284,8615
8621,"PrintStream","PrintStream(java.io.File)",71,284,8621
8624,"PrintStream","PrintStream(java.lang.String,java.nio.charset.Charset)",71,284,8624
8628,"PrintStream","PrintStream(java.lang.String,java.lang.String)",71,284,8628
8633,"PrintStream","PrintStream(java.lang.String)",71,284,8633
8636,"PrintStream","PrintStream(java.io.OutputStream,boolean,java.nio.charset.Charset)",71,284,8636
8640,"PrintStream","PrintStream(java.io.OutputStream,boolean,java.lang.String)",71,284,8640
8645,"PrintStream","PrintStream(java.io.OutputStream,boolean)",71,284,8645
8648,"PrintStream","PrintStream(java.io.OutputStream)",71,284,8648
8732,"PrintWriter","PrintWriter(java.io.File,java.nio.charset.Charset)",71,7442,8732
8736,"PrintWriter","PrintWriter(java.io.File,java.lang.String)",71,7442,8736
8741,"PrintWriter","PrintWriter(java.io.File)",71,7442,8741
8744,"PrintWriter","PrintWriter(java.lang.String,java.nio.charset.Charset)",71,7442,8744
8748,"PrintWriter","PrintWriter(java.lang.String,java.lang.String)",71,7442,8748
8753,"PrintWriter","PrintWriter(java.lang.String)",71,7442,8753
8756,"PrintWriter","PrintWriter(java.io.OutputStream,boolean,java.nio.charset.Charset)",71,7442,8756
8760,"PrintWriter","PrintWriter(java.io.OutputStream,boolean)",71,7442,8760
8763,"PrintWriter","PrintWriter(java.io.OutputStream)",71,7442,8763
8765,"PrintWriter","PrintWriter(java.io.Writer,boolean)",71,7442,8765
8768,"PrintWriter","PrintWriter(java.io.Writer)",71,7442,8768
8804,"Reader","Reader(java.io.Reader)",71,7440,8804
8806,"Reader","Reader(java.lang.Object)",71,7440,8806
8808,"Reader","Reader()",71,7440,8808
8816,"SerializablePermission","SerializablePermission(java.lang.String,java.lang.String)",71,8427,8816
8819,"SerializablePermission","SerializablePermission(java.lang.String)",71,8427,8819
8823,"StreamCorruptedException","StreamCorruptedException()",71,8080,8823
8824,"StreamCorruptedException","StreamCorruptedException(java.lang.String)",71,8080,8824
8828,"SyncFailedException","SyncFailedException(java.lang.String)",71,7694,8828
8832,"UnsupportedEncodingException","UnsupportedEncodingException(java.lang.String)",71,8619,8832
8834,"UnsupportedEncodingException","UnsupportedEncodingException()",71,8619,8834
8871,"Writer","Writer(java.lang.Object)",71,8652,8871
8873,"Writer","Writer(java.io.Writer)",71,8652,8873
8875,"Writer","Writer()",71,8652,8875
9029,"AbstractStringBuilder","AbstractStringBuilder(java.lang.CharSequence)",71,8878,9029
9031,"AbstractStringBuilder","AbstractStringBuilder(java.lang.String)",71,8878,9031
9033,"AbstractStringBuilder","AbstractStringBuilder(int)",71,8878,9033
9035,"AbstractStringBuilder","AbstractStringBuilder()",71,8878,9035
9102,"Boolean","Boolean(java.lang.String)",71,396,9102
9107,"Boolean","Boolean(boolean)",71,396,9107
9376,"Character","Character(char)",71,9131,9376
9786,"ClassFormatError","ClassFormatError(java.lang.String)",71,9782,9786
9788,"ClassFormatError","ClassFormatError()",71,9782,9788
10001,"ClassLoader","ClassLoader()",71,9732,10001
10002,"ClassLoader","ClassLoader(java.lang.ClassLoader)",71,9732,10002
10004,"ClassLoader","ClassLoader(java.lang.String,java.lang.ClassLoader)",71,9732,10004
10017,"ClassNotFoundException","ClassNotFoundException(java.lang.String,java.lang.Throwable)",71,7851,10017
10020,"ClassNotFoundException","ClassNotFoundException(java.lang.String)",71,7851,10020
10022,"ClassNotFoundException","ClassNotFoundException()",71,7851,10022
10478,"AbstractMap","AbstractMap()",71,9799,10478
10479,"AbstractMap<Identity,Entry<?>>","AbstractMap<Identity,Entry<?>>()",71,10044,10478
10587,"WeakHashMap","WeakHashMap(java.util.Map)",71,10041,10587
10589,"WeakHashMap<Identity,Entry<?>>","WeakHashMap<Identity,Entry<?>>(java.util.Map)",71,10040,10587
10591,"WeakHashMap","WeakHashMap()",71,10041,10591
10592,"WeakHashMap<Identity,Entry<?>>","WeakHashMap<Identity,Entry<?>>()",71,10040,10591
10593,"WeakHashMap","WeakHashMap(int)",71,10041,10593
10595,"WeakHashMap<Identity,Entry<?>>","WeakHashMap<Identity,Entry<?>>(int)",71,10040,10593
10597,"WeakHashMap","WeakHashMap(int,float)",71,10041,10597
10600,"WeakHashMap<Identity,Entry<?>>","WeakHashMap<Identity,Entry<?>>(int,float)",71,10040,10597
10671,"ClassValueMap","ClassValueMap()",71,9781,10671
10686,"Reference","Reference(java.lang.Object,java.lang.ref.ReferenceQueue)",71,7682,10686
10692,"Reference<Version<T>>","Reference<Version<T>>(java.lang.ClassValue.Version,java.lang.ref.ReferenceQueue)",71,10675,10686
10695,"Reference","Reference(java.lang.Object)",71,7682,10695
10697,"Reference<Version<T>>","Reference<Version<T>>(java.lang.ClassValue.Version)",71,10675,10695
10734,"WeakReference","WeakReference(java.lang.Object,java.lang.ref.ReferenceQueue)",71,10036,10734
10737,"WeakReference<Version<T>>","WeakReference<Version<T>>(java.lang.ClassValue.Version,java.lang.ref.ReferenceQueue)",71,10674,10734
10740,"WeakReference","WeakReference(java.lang.Object)",71,10036,10740
10742,"WeakReference<Version<T>>","WeakReference<Version<T>>(java.lang.ClassValue.Version)",71,10674,10740
10753,"Entry","Entry(java.lang.ClassValue.Version)",71,10027,10753
10755,"Entry","Entry(java.lang.ClassValue.Version,java.lang.Object)",71,10027,10755
10762,"Identity","Identity()",71,10025,10762
10771,"Version","Version(java.lang.ClassValue)",71,10031,10771
10802,"ClassValue","ClassValue()",71,10034,10802
10808,"CloneNotSupportedException","CloneNotSupportedException(java.lang.String)",71,7920,10808
10810,"CloneNotSupportedException","CloneNotSupportedException()",71,7920,10810
10900,"Double","Double(java.lang.String)",71,10847,10900
10907,"Double","Double(double)",71,10847,10907
11002,"DynamicConstantDesc","DynamicConstantDesc(java.lang.constant.DirectMethodHandleDesc,java.lang.String,java.lang.constant.ClassDesc,java.lang.constant.ConstantDesc[])",71,7899,11002
11007,"DynamicConstantDesc<E>","DynamicConstantDesc<E>(java.lang.constant.DirectMethodHandleDesc,java.lang.String,java.lang.constant.ClassDesc,java.lang.constant.ConstantDesc[])",71,10946,11002
11039,"Error","Error(java.lang.String,java.lang.Throwable,boolean,boolean)",71,11036,11039
11044,"Error","Error(java.lang.Throwable)",71,11036,11044
11046,"Error","Error(java.lang.String,java.lang.Throwable)",71,11036,11046
11049,"Error","Error(java.lang.String)",71,11036,11049
11051,"Error","Error()",71,11036,11051
11055,"Exception","Exception(java.lang.String,java.lang.Throwable,boolean,boolean)",71,2791,11055
11060,"Exception","Exception(java.lang.Throwable)",71,2791,11060
11062,"Exception","Exception(java.lang.String,java.lang.Throwable)",71,2791,11062
11065,"Exception","Exception(java.lang.String)",71,2791,11065
11067,"Exception","Exception()",71,2791,11067
11079,"IllegalAccessException","IllegalAccessException(java.lang.String)",71,9759,11079
11081,"IllegalAccessException","IllegalAccessException()",71,9759,11081
11086,"IllegalArgumentException","IllegalArgumentException(java.lang.Throwable)",71,11082,11086
11088,"IllegalArgumentException","IllegalArgumentException(java.lang.String,java.lang.Throwable)",71,11082,11088
11091,"IllegalArgumentException","IllegalArgumentException(java.lang.String)",71,11082,11091
11093,"IllegalArgumentException","IllegalArgumentException()",71,11082,11093
11097,"IllegalStateException","IllegalStateException(java.lang.Throwable)",71,11094,11097
11099,"IllegalStateException","IllegalStateException(java.lang.String,java.lang.Throwable)",71,11094,11099
11102,"IllegalStateException","IllegalStateException(java.lang.String)",71,11094,11102
11104,"IllegalStateException","IllegalStateException()",71,11094,11104
11108,"InstantiationException","InstantiationException(java.lang.String)",71,8347,11108
11110,"InstantiationException","InstantiationException()",71,8347,11110
11207,"Integer","Integer(java.lang.String)",71,374,11207
11213,"Integer","Integer(int)",71,374,11213
11290,"InternalError","InternalError(java.lang.Throwable)",71,11286,11290
11292,"InternalError","InternalError(java.lang.String,java.lang.Throwable)",71,11286,11292
11295,"InternalError","InternalError(java.lang.String)",71,11286,11295
11297,"InternalError","InternalError()",71,11286,11297
11300,"InterruptedException","InterruptedException(java.lang.String)",71,2875,11300
11302,"InterruptedException","InterruptedException()",71,2875,11302
11305,"LinkageError","LinkageError(java.lang.String,java.lang.Throwable)",71,9785,11305
11308,"LinkageError","LinkageError(java.lang.String)",71,9785,11308
11310,"LinkageError","LinkageError()",71,9785,11310
11404,"Long","Long(java.lang.String)",71,11311,11404
11410,"Long","Long(long)",71,11311,11410
11585,"Module","Module(java.lang.ClassLoader,java.lang.module.ModuleDescriptor)",71,9730,11585
11588,"Module","Module(java.lang.ClassLoader)",71,9730,11588
11590,"Module","Module(java.lang.ModuleLayer,java.lang.ClassLoader,java.lang.module.ModuleDescriptor,java.net.URI)",71,9730,11590
11610,"Controller","Controller(java.lang.ModuleLayer)",71,11595,11610
11672,"NamedPackage","NamedPackage(java.lang.String,java.lang.Module)",71,11663,11672
11677,"NoSuchFieldException","NoSuchFieldException(java.lang.String)",71,9612,11677
11679,"NoSuchFieldException","NoSuchFieldException()",71,9612,11679
11682,"NoSuchMethodException","NoSuchMethodException(java.lang.String)",71,9593,11682
11684,"NoSuchMethodException","NoSuchMethodException()",71,9593,11684
11693,"Number","Number()",71,10850,11693
11704,"NumberFormatException","NumberFormatException(java.lang.String)",71,10905,11704
11706,"NumberFormatException","NumberFormatException()",71,10905,11706
11745,"Package","Package(java.lang.String,java.lang.Module)",71,9706,11745
11748,"Package","Package(java.lang.String,java.lang.String,java.lang.String,java.lang.String,java.lang.String,java.lang.String,java.lang.String,java.net.URL,java.lang.ClassLoader)",71,9706,11748
11823,"Record","Record()",71,11816,11823
11826,"ReflectiveOperationException","ReflectiveOperationException(java.lang.Throwable)",71,10014,11826
11828,"ReflectiveOperationException","ReflectiveOperationException(java.lang.String,java.lang.Throwable)",71,10014,11828
11831,"ReflectiveOperationException","ReflectiveOperationException(java.lang.String)",71,10014,11831
11833,"ReflectiveOperationException","ReflectiveOperationException()",71,10014,11833
11841,"RuntimeException","RuntimeException(java.lang.String,java.lang.Throwable,boolean,boolean)",71,11085,11841
11846,"RuntimeException","RuntimeException(java.lang.Throwable)",71,11085,11846
11848,"RuntimeException","RuntimeException(java.lang.String,java.lang.Throwable)",71,11085,11848
11851,"RuntimeException","RuntimeException(java.lang.String)",71,11085,11851
11853,"RuntimeException","RuntimeException()",71,11085,11853
11867,"SecurityException","SecurityException(java.lang.Throwable)",71,8084,11867
11869,"SecurityException","SecurityException(java.lang.String,java.lang.Throwable)",71,8084,11869
11872,"SecurityException","SecurityException(java.lang.String)",71,8084,11872
11874,"SecurityException","SecurityException()",71,8084,11874
11950,"SecurityManager","SecurityManager()",71,11875,11950
11971,"StackFrameInfo","StackFrameInfo(java.lang.StackWalker)",71,11951,11971
11997,"StackTraceElement","StackTraceElement(java.lang.String,java.lang.String,java.lang.String,java.lang.String,java.lang.String,java.lang.String,int)",71,11956,11997
12005,"StackTraceElement","StackTraceElement(java.lang.String,java.lang.String,java.lang.String,int)",71,11956,12005
12033,"Enum<ExtendedOption>","Enum<ExtendedOption>(java.lang.String,int)",71,12013,7932
12069,"Enum<Option>","Enum<Option>(java.lang.String,int)",71,12049,7932
12202,"String","String(byte[],byte)",71,157,12202
12206,"String","String(java.lang.AbstractStringBuilder,java.lang.Void)",71,157,12206
12209,"String","String(char[],int,int,java.lang.Void)",71,157,12209
12429,"String","String(java.lang.StringBuilder)",71,157,12429
12431,"String","String(java.lang.StringBuffer)",71,157,12431
12433,"String","String(byte[])",71,157,12433
12435,"String","String(byte[],int,int)",71,157,12435
12439,"String","String(byte[],java.nio.charset.Charset)",71,157,12439
12442,"String","String(byte[],java.lang.String)",71,157,12442
12467,"String","String(byte[],int,int,java.nio.charset.Charset)",71,157,12467
12472,"String","String(byte[],int,int,java.lang.String)",71,157,12472
12478,"String","String(byte[],int)",71,157,12478
12484,"String","String(byte[],int,int,int)",71,157,12484
12492,"String","String(int[],int,int)",71,157,12492
12496,"String","String(char[],int,int)",71,157,12496
12500,"String","String(char[])",71,157,12500
12502,"String","String(java.lang.String)",71,157,12502
12505,"String","String()",71,157,12505
12658,"StringBuffer","StringBuffer(java.lang.CharSequence)",71,8993,12658
12660,"StringBuffer","StringBuffer(java.lang.String)",71,8993,12660
12663,"StringBuffer","StringBuffer(int)",71,8993,12663
12666,"StringBuffer","StringBuffer()",71,8993,12666
12772,"StringBuilder","StringBuilder(java.lang.CharSequence)",71,5242,12772
12774,"StringBuilder","StringBuilder(java.lang.String)",71,5242,12774
12777,"StringBuilder","StringBuilder(int)",71,5242,12777
12805,"Enum<Level>","Enum<Level>(java.lang.String,int)",71,12785,7932
13043,"Enum<State>","Enum<State>(java.lang.String,int)",71,13023,7932
13180,"Thread","Thread(java.lang.ThreadGroup,java.lang.Runnable,java.lang.String,long,boolean)",71,2797,13180
13186,"Thread","Thread(java.lang.ThreadGroup,java.lang.Runnable,java.lang.String,long)",71,2797,13186
13191,"Thread","Thread(java.lang.ThreadGroup,java.lang.Runnable,java.lang.String)",71,2797,13191
13195,"Thread","Thread(java.lang.Runnable,java.lang.String)",71,2797,13195
13198,"Thread","Thread(java.lang.ThreadGroup,java.lang.String)",71,2797,13198
13201,"Thread","Thread(java.lang.String)",71,2797,13201
13203,"Thread","Thread(java.lang.ThreadGroup,java.lang.Runnable)",71,2797,13203
13207,"Thread","Thread(java.lang.Runnable,java.security.AccessControlContext)",71,2797,13207
13222,"Thread","Thread(java.lang.String,int,boolean)",71,2797,13222
13226,"Thread","Thread(java.lang.ThreadGroup,java.lang.String,int,java.lang.Runnable,long,java.security.AccessControlContext)",71,2797,13226
13349,"ThreadGroup","ThreadGroup(java.lang.ThreadGroup,java.lang.String)",71,10724,13349
13352,"ThreadGroup","ThreadGroup(java.lang.String)",71,10724,13352
13354,"ThreadGroup","ThreadGroup(java.lang.ThreadGroup,java.lang.String,int,boolean)",71,10724,13354
13364,"ThreadLocalMap","ThreadLocalMap(java.lang.ThreadLocal,java.lang.Object)",71,6375,13364
13393,"Throwable","Throwable(java.lang.String,java.lang.Throwable,boolean,boolean)",71,2889,13393
13398,"Throwable","Throwable(java.lang.Throwable)",71,2889,13398
13400,"Throwable","Throwable(java.lang.String,java.lang.Throwable)",71,2889,13400
13403,"Throwable","Throwable(java.lang.String)",71,2889,13403
13405,"Throwable","Throwable()",71,2889,13405
13410,"TypeNotPresentException","TypeNotPresentException(java.lang.String,java.lang.Throwable)",71,13406,13410
13415,"UnsupportedOperationException","UnsupportedOperationException(java.lang.Throwable)",71,8325,13415
13417,"UnsupportedOperationException","UnsupportedOperationException(java.lang.String,java.lang.Throwable)",71,8325,13417
13420,"UnsupportedOperationException","UnsupportedOperationException(java.lang.String)",71,8325,13420
13422,"UnsupportedOperationException","UnsupportedOperationException()",71,8325,13422
13426,"VirtualMachineError","VirtualMachineError(java.lang.Throwable)",71,11289,13426
13428,"VirtualMachineError","VirtualMachineError(java.lang.String,java.lang.Throwable)",71,11289,13428
13431,"VirtualMachineError","VirtualMachineError(java.lang.String)",71,11289,13431
13433,"VirtualMachineError","VirtualMachineError()",71,11289,13433
13442,"WrongThreadException","WrongThreadException(java.lang.Throwable)",71,13439,13442
13444,"WrongThreadException","WrongThreadException(java.lang.String,java.lang.Throwable)",71,13439,13444
13447,"WrongThreadException","WrongThreadException(java.lang.String)",71,13439,13447
13449,"WrongThreadException","WrongThreadException()",71,13439,13449
13491,"Enum<ElementType>","Enum<ElementType>(java.lang.String,int)",71,13471,7932
13533,"Enum<RetentionPolicy>","Enum<RetentionPolicy>(java.lang.String,int)",71,13513,7932
13620,"Enum<Kind>","Enum<Kind>(java.lang.String,int)",71,13600,7932
13810,"AbstractLayout","AbstractLayout(long,long,java.util.Optional)",71,13777,13810
13850,"Enum<Kind>","Enum<Kind>(java.lang.String,int)",71,13830,7932
13895,"GroupLayout","GroupLayout(java.lang.foreign.GroupLayout.Kind,java.util.List,long,java.util.Optional)",71,13855,13895
13900,"GroupLayout","GroupLayout(java.lang.foreign.GroupLayout.Kind,java.util.List)",71,13855,13900
14561,"SequenceLayout","SequenceLayout(long,java.lang.foreign.MemoryLayout,long,java.util.Optional)",71,14104,14561
14566,"SequenceLayout","SequenceLayout(long,java.lang.foreign.MemoryLayout)",71,14104,14566
14585,"OfAddress","OfAddress(java.nio.ByteOrder,long,long,java.util.Optional)",71,13909,14585
14590,"OfAddress","OfAddress(java.nio.ByteOrder)",71,13909,14590
14606,"OfBoolean","OfBoolean(java.nio.ByteOrder,long,java.util.Optional)",71,14042,14606
14610,"OfBoolean","OfBoolean(java.nio.ByteOrder)",71,14042,14610
14626,"OfByte","OfByte(java.nio.ByteOrder,long,java.util.Optional)",71,14052,14626
14630,"OfByte","OfByte(java.nio.ByteOrder)",71,14052,14630
14646,"OfChar","OfChar(java.nio.ByteOrder,long,java.util.Optional)",71,13969,14646
14650,"OfChar","OfChar(java.nio.ByteOrder)",71,13969,14650
14666,"OfDouble","OfDouble(java.nio.ByteOrder,long,java.util.Optional)",71,13919,14666
14670,"OfDouble","OfDouble(java.nio.ByteOrder)",71,13919,14670
14686,"OfFloat","OfFloat(java.nio.ByteOrder,long,java.util.Optional)",71,13939,14686
14690,"OfFloat","OfFloat(java.nio.ByteOrder)",71,13939,14690
14706,"OfInt","OfInt(java.nio.ByteOrder,long,java.util.Optional)",71,13949,14706
14710,"OfInt","OfInt(java.nio.ByteOrder)",71,13949,14710
14726,"OfLong","OfLong(java.nio.ByteOrder,long,java.util.Optional)",71,13929,14726
14730,"OfLong","OfLong(java.nio.ByteOrder)",71,13929,14730
14746,"OfShort","OfShort(java.nio.ByteOrder,long,java.util.Optional)",71,13959,14746
14750,"OfShort","OfShort(java.nio.ByteOrder)",71,13959,14750
14780,"ValueLayout","ValueLayout(java.lang.Class,java.nio.ByteOrder,long,long,java.util.Optional)",71,14109,14780
14786,"ValueLayout","ValueLayout(java.lang.Class,java.nio.ByteOrder,long)",71,14109,14786
14889,"Factory","Factory()",71,14805,14889
14890,"Factory<>","Factory<>()",71,14804,14889
14895,"Factory","Factory()",71,14799,14895
14941,"ClassSpecializer","ClassSpecializer(java.lang.Class,java.lang.Class,java.lang.Class,java.lang.invoke.MethodType,java.lang.invoke.MemberName,java.lang.String,java.util.List)",71,14809,14941
14952,"ClassSpecializer<BoundMethodHandle,String,SpeciesData>","ClassSpecializer<BoundMethodHandle,String,SpeciesData>(java.lang.Class,java.lang.Class,java.lang.Class,java.lang.invoke.MethodType,java.lang.invoke.MemberName,java.lang.String,java.util.List)",71,14808,14941
15052,"SpeciesData","SpeciesData(java.lang.Object)",71,14835,15052
15054,"SpeciesData<>","SpeciesData<>(java.lang.String)",71,14840,15052
15075,"SpeciesData","SpeciesData(java.lang.invoke.BoundMethodHandle.Specializer,java.lang.String)",71,14803,15075
15148,"BoundMethodHandle","BoundMethodHandle(java.lang.invoke.MethodType,java.lang.invoke.LambdaForm)",71,14802,15148
15173,"CallSite","CallSite(java.lang.invoke.MethodType,java.lang.invoke.MethodHandle)",71,15152,15173
15177,"CallSite","CallSite(java.lang.invoke.MethodHandle)",71,15152,15177
15179,"CallSite","CallSite(java.lang.invoke.MethodType)",71,15152,15179
15353,"Invokers","Invokers(java.lang.invoke.MethodType)",71,15283,15353
15383,"Enum<BasicType>","Enum<BasicType>(java.lang.String,int)",71,15363,7932
15462,"Enum<Kind>","Enum<Kind>(java.lang.String,int)",71,15442,7932
15590,"Name","Name(java.lang.invoke.LambdaForm.BasicType)",71,15230,15590
15592,"Name","Name(int,java.lang.invoke.LambdaForm.BasicType)",71,15230,15592
15595,"Name","Name(java.lang.invoke.LambdaForm.NamedFunction,java.lang.Object[])",71,15230,15595
15598,"Name","Name(java.lang.invoke.MemberName,java.lang.Object[])",71,15230,15598
15601,"Name","Name(java.lang.invoke.MethodType,java.lang.Object[])",71,15230,15601
15604,"Name","Name(java.lang.invoke.MethodHandle,java.lang.Object[])",71,15230,15604
15643,"NamedFunction","NamedFunction(java.lang.invoke.MemberName)",71,14864,15643
15645,"NamedFunction","NamedFunction(java.lang.reflect.Method)",71,14864,15645
15647,"NamedFunction","NamedFunction(java.lang.invoke.MethodType)",71,14864,15647
15649,"NamedFunction","NamedFunction(java.lang.invoke.MemberName,java.lang.invoke.MethodHandle)",71,14864,15649
15652,"NamedFunction","NamedFunction(java.lang.invoke.MethodHandle)",71,14864,15652
15749,"LambdaForm","LambdaForm(int,java.lang.invoke.LambdaForm.Name[],boolean,java.lang.invoke.LambdaForm.Kind)",71,15086,15749
15754,"LambdaForm","LambdaForm(int,java.lang.invoke.LambdaForm.Name[],java.lang.invoke.LambdaForm.Kind)",71,15086,15754
15758,"LambdaForm","LambdaForm(int,java.lang.invoke.LambdaForm.Name[])",71,15086,15758
15761,"LambdaForm","LambdaForm(int,java.lang.invoke.LambdaForm.Name[],int,boolean,java.lang.invoke.MethodHandle,java.lang.invoke.LambdaForm.Kind)",71,15086,15761
15768,"LambdaForm","LambdaForm(int,java.lang.invoke.LambdaForm.Name[],int,boolean,java.lang.invoke.MethodHandle)",71,15086,15768
15774,"LambdaForm","LambdaForm(int,java.lang.invoke.LambdaForm.Name[],int,java.lang.invoke.LambdaForm.Kind)",71,15086,15774
15779,"LambdaForm","LambdaForm(int,java.lang.invoke.LambdaForm.Name[],int)",71,15086,15779
15941,"MemberName","MemberName(byte,java.lang.Class,java.lang.String,java.lang.Object)",71,14937,15941
15946,"MemberName","MemberName(java.lang.Class,java.lang.String,java.lang.invoke.MethodType,byte)",71,14937,15946
15951,"MemberName","MemberName(java.lang.Class,java.lang.String,java.lang.Class,byte)",71,14937,15951
15963,"MemberName","MemberName()",71,14937,15963
15978,"MemberName","MemberName(java.lang.Class)",71,14937,15978
15983,"MemberName","MemberName(java.lang.reflect.Field,boolean)",71,14937,15983
15986,"MemberName","MemberName(java.lang.reflect.Field)",71,14937,15986
15988,"MemberName","MemberName(java.lang.reflect.Constructor)",71,14937,15988
15993,"MemberName","MemberName(java.lang.reflect.Method,boolean)",71,14937,15993
15996,"MemberName","MemberName(java.lang.reflect.Method)",71,14937,15996
16192,"MethodHandle","MethodHandle(java.lang.invoke.MethodType,java.lang.invoke.LambdaForm)",71,8298,16192
16220,"Enum<ArrayAccess>","Enum<ArrayAccess>(java.lang.String,int)",71,16200,7932
16250,"CasesHolder","CasesHolder(java.lang.invoke.MethodHandle[])",71,16244,16250
16278,"Enum<Intrinsic>","Enum<Intrinsic>(java.lang.String,int)",71,16258,7932
16309,"LoopClauses","LoopClauses(java.lang.invoke.MethodHandle[][])",71,16301,16309
16477,"MethodHandleImpl","MethodHandleImpl()",71,16225,16477
16567,"Enum<ClassOption>","Enum<ClassOption>(java.lang.String,int)",71,16547,7932
16790,"Lookup","Lookup(java.lang.Class)",71,10856,16790
17071,"ConcurrentWeakInternSet","ConcurrentWeakInternSet()",71,17063,17071
17235,"MethodTypeForm","MethodTypeForm(java.lang.invoke.MethodType)",71,17205,17235
17337,"VarForm","VarForm(java.lang.Class,java.lang.Class[])",71,17311,17337
17340,"VarForm","VarForm(java.lang.Class,java.lang.Class,java.lang.Class,java.lang.Class[])",71,17311,17340
17357,"AccessDescriptor","AccessDescriptor(java.lang.invoke.MethodType,int,int)",71,15319,17357
17389,"Enum<AccessMode>","Enum<AccessMode>(java.lang.String,int)",71,17369,7932
17461,"Enum<AccessType>","Enum<AccessType>(java.lang.String,int)",71,17441,7932
17501,"DynamicConstantDesc<VarHandle>","DynamicConstantDesc<VarHandle>(java.lang.constant.DirectMethodHandleDesc,java.lang.String,java.lang.constant.ClassDesc,java.lang.constant.ConstantDesc[])",71,17488,11002
17691,"VarHandle","VarHandle(java.lang.invoke.VarForm,boolean)",71,14127,17691
17694,"VarHandle","VarHandle(java.lang.invoke.VarForm)",71,14127,17694
17704,"WrongMethodTypeException","WrongMethodTypeException(java.lang.Throwable)",71,15315,17704
17706,"WrongMethodTypeException","WrongMethodTypeException(java.lang.String,java.lang.Throwable)",71,15315,17706
17709,"WrongMethodTypeException","WrongMethodTypeException(java.lang.String)",71,15315,17709
17711,"WrongMethodTypeException","WrongMethodTypeException()",71,15315,17711
17765,"Configuration","Configuration(java.lang.module.ModuleFinder,java.util.Map)",71,11503,17765
17854,"Builder","Builder(java.lang.String,boolean,java.util.Set)",71,17769,17854
17898,"Enum<Modifier>","Enum<Modifier>(java.lang.String,int)",71,17878,7932
17949,"Enum<Modifier>","Enum<Modifier>(java.lang.String,int)",71,17929,7932
17987,"Enum<Modifier>","Enum<Modifier>(java.lang.String,int)",71,17967,7932
18051,"Enum<Modifier>","Enum<Modifier>(java.lang.String,int)",71,18031,7932
18159,"ModuleDescriptor","ModuleDescriptor(java.lang.String,java.lang.module.ModuleDescriptor.Version,java.util.Set,java.util.Set,java.util.Set,java.util.Set,java.util.Set,java.util.Set,java.util.Set,java.lang.String,int,boolean)",71,11580,18159
18224,"ModuleReference","ModuleReference(java.lang.module.ModuleDescriptor,java.net.URI)",71,18186,18224
18238,"ResolvedModule","ResolvedModule(java.lang.module.Configuration,java.lang.module.ModuleReference)",71,17721,18238
18260,"Reference<T>","Reference<T>(java.lang.Object,java.lang.ref.ReferenceQueue)",71,18256,10686
18263,"Reference<T>","Reference<T>(java.lang.Object)",71,18256,10695
18277,"PhantomReference","PhantomReference(java.lang.Object,java.lang.ref.ReferenceQueue)",71,7677,18277
18317,"ReferenceQueue","ReferenceQueue(int)",71,10683,18317
18319,"ReferenceQueue","ReferenceQueue()",71,10683,18319
18334,"Reference<T>","Reference<T>(java.lang.Object,java.lang.ref.ReferenceQueue)",71,18330,10686
18337,"Reference<T>","Reference<T>(java.lang.Object)",71,18330,10695
18352,"SoftReference","SoftReference(java.lang.Object,java.lang.ref.ReferenceQueue)",71,17280,18352
18355,"SoftReference","SoftReference(java.lang.Object)",71,17280,18355
18358,"Reference<T>","Reference<T>(java.lang.Object,java.lang.ref.ReferenceQueue)",71,18357,10686
18361,"Reference<T>","Reference<T>(java.lang.Object)",71,18357,10695
18421,"AccessibleObject","AccessibleObject()",71,18375,18421
18575,"Constructor","Constructor(java.lang.Class,java.lang.Class[],java.lang.Class[],int,int,java.lang.String,byte[],byte[])",71,9585,18575
18670,"Executable","Executable()",71,9567,18670
18826,"Field","Field(java.lang.Class,java.lang.String,java.lang.Class,int,boolean,int,java.lang.String,byte[])",71,8471,18826
18842,"InvocationTargetException","InvocationTargetException(java.lang.Throwable,java.lang.String)",71,8349,18842
18845,"InvocationTargetException","InvocationTargetException(java.lang.Throwable)",71,8349,18845
18847,"InvocationTargetException","InvocationTargetException()",71,8349,18847
18924,"Method","Method(java.lang.Class,java.lang.String,java.lang.Class[],java.lang.Class,java.lang.Class[],int,int,java.lang.String,byte[],byte[],byte[])",71,9597,18924
18983,"Parameter","Parameter(java.lang.String,int,java.lang.reflect.Executable,int)",71,18626,18983
19179,"BigDecimal","BigDecimal(long,java.math.MathContext)",71,458,19179
19182,"BigDecimal","BigDecimal(long)",71,458,19182
19184,"BigDecimal","BigDecimal(int,java.math.MathContext)",71,458,19184
19187,"BigDecimal","BigDecimal(int)",71,458,19187
19189,"BigDecimal","BigDecimal(java.math.BigInteger,int,java.math.MathContext)",71,458,19189
19193,"BigDecimal","BigDecimal(java.math.BigInteger,int)",71,458,19193
19196,"BigDecimal","BigDecimal(java.math.BigInteger,java.math.MathContext)",71,458,19196
19199,"BigDecimal","BigDecimal(java.math.BigInteger)",71,458,19199
19201,"BigDecimal","BigDecimal(double,java.math.MathContext)",71,458,19201
19205,"BigDecimal","BigDecimal(java.lang.String,java.math.MathContext)",71,458,19205
19208,"BigDecimal","BigDecimal(java.lang.String)",71,458,19208
19210,"BigDecimal","BigDecimal(char[],java.math.MathContext)",71,458,19210
19213,"BigDecimal","BigDecimal(char[])",71,458,19213
19215,"BigDecimal","BigDecimal(char[],int,int,java.math.MathContext)",71,458,19215
19220,"BigDecimal","BigDecimal(char[],int,int)",71,458,19220
19224,"BigDecimal","BigDecimal(java.math.BigInteger,long,int,int)",71,458,19224
19385,"BigInteger","BigInteger(int[],int)",71,19048,19385
19395,"BigInteger","BigInteger(int,int,java.util.Random)",71,19048,19395
19399,"BigInteger","BigInteger(int,java.util.Random)",71,19048,19399
19402,"BigInteger","BigInteger(java.lang.String)",71,19048,19402
19404,"BigInteger","BigInteger(char[],int,int)",71,19048,19404
19408,"BigInteger","BigInteger(java.lang.String,int)",71,19048,19408
19411,"BigInteger","BigInteger(int,byte[])",71,19048,19411
19414,"BigInteger","BigInteger(int,byte[],int,int)",71,19048,19414
19419,"BigInteger","BigInteger(byte[])",71,19048,19419
19421,"BigInteger","BigInteger(byte[],int,int)",71,19048,19421
19444,"MathContext","MathContext(java.lang.String)",71,19082,19444
19446,"MathContext","MathContext(int,java.math.RoundingMode)",71,19082,19446
19449,"MathContext","MathContext(int)",71,19082,19449
19479,"Enum<RoundingMode>","Enum<RoundingMode>(java.lang.String,int)",71,19459,7932
19515,"ContentHandler","ContentHandler()",71,19502,19515
19536,"InetAddressHolder","InetAddressHolder(java.lang.String,int,int)",71,19526,19536
19540,"InetAddressHolder","InetAddressHolder()",71,19526,19540
19605,"InetAddress","InetAddress()",71,11897,19605
19649,"InterfaceAddress","InterfaceAddress()",71,19639,19649
19652,"MalformedURLException","MalformedURLException(java.lang.String)",71,7625,19652
19654,"MalformedURLException","MalformedURLException()",71,7625,19654
19711,"NetworkInterface","NetworkInterface(java.lang.String,int,java.net.InetAddress[])",71,19586,19711
19715,"NetworkInterface","NetworkInterface()",71,19586,19715
19739,"Enum<Type>","Enum<Type>(java.lang.String,int)",71,19719,7932
19765,"Proxy","Proxy(java.net.Proxy.Type,java.net.SocketAddress)",71,19744,19765
19771,"SocketAddress","SocketAddress()",71,19762,19771
19775,"SocketException","SocketException(java.lang.Throwable)",71,19665,19775
19777,"SocketException","SocketException(java.lang.String,java.lang.Throwable)",71,19665,19777
19780,"SocketException","SocketException()",71,19665,19780
19781,"SocketException","SocketException(java.lang.String)",71,19665,19781
19827,"URI","URI(java.lang.String,java.lang.String)",71,7615,19827
19830,"URI","URI(java.lang.String,java.lang.String,java.lang.String)",71,7615,19830
19835,"URI","URI(java.lang.String,java.lang.String,java.lang.String,java.lang.String)",71,7615,19835
19841,"URI","URI(java.lang.String,java.lang.String,java.lang.String,java.lang.String,java.lang.String)",71,7615,19841
19848,"URI","URI(java.lang.String,java.lang.String,java.lang.String,int,java.lang.String,java.lang.String,java.lang.String)",71,7615,19848
19857,"URI","URI(java.lang.String)",71,7615,19857
19867,"URISyntaxException","URISyntaxException(java.lang.String,java.lang.String)",71,19823,19867
19870,"URISyntaxException","URISyntaxException(java.lang.String,java.lang.String,int)",71,19823,19870
19933,"URL","URL(java.net.URL,java.lang.String,java.net.URLStreamHandler)",71,7617,19933
19938,"URL","URL(java.net.URL,java.lang.String)",71,7617,19938
19942,"URL","URL(java.lang.String)",71,7617,19942
19945,"URL","URL(java.lang.String,java.lang.String,int,java.lang.String,java.net.URLStreamHandler)",71,7617,19945
19952,"URL","URL(java.lang.String,java.lang.String,java.lang.String)",71,7617,19952
19957,"URL","URL(java.lang.String,java.lang.String,int,java.lang.String)",71,7617,19957
20069,"URLConnection","URLConnection(java.net.URL)",71,19507,20069
20139,"URLStreamHandler","URLStreamHandler()",71,19877,20139
20146,"UnknownHostException","UnknownHostException()",71,19550,20146
20147,"UnknownHostException","UnknownHostException(java.lang.String)",71,19550,20147
20220,"Buffer","Buffer(int,int,int,int,java.lang.foreign.MemorySegment)",71,14374,20220
20226,"Buffer","Buffer(long,int,java.lang.foreign.MemorySegment)",71,14374,20226
20397,"ByteBuffer","ByteBuffer(byte[],long,int,java.lang.foreign.MemorySegment)",71,9938,20397
20402,"ByteBuffer","ByteBuffer(int,int,int,int,java.lang.foreign.MemorySegment)",71,9938,20402
20408,"ByteBuffer","ByteBuffer(int,int,int,int,byte[],int,java.lang.foreign.MemorySegment)",71,9938,20408
20558,"CharBuffer","CharBuffer(char[],long,int,java.lang.foreign.MemorySegment)",71,8800,20558
20563,"CharBuffer","CharBuffer(int,int,int,int,java.lang.foreign.MemorySegment)",71,8800,20563
20569,"CharBuffer","CharBuffer(int,int,int,int,char[],int,java.lang.foreign.MemorySegment)",71,8800,20569
20672,"DoubleBuffer","DoubleBuffer(double[],long,int,java.lang.foreign.MemorySegment)",71,20243,20672
20677,"DoubleBuffer","DoubleBuffer(int,int,int,int,java.lang.foreign.MemorySegment)",71,20243,20677
20683,"DoubleBuffer","DoubleBuffer(int,int,int,int,double[],int,java.lang.foreign.MemorySegment)",71,20243,20683
20786,"FloatBuffer","FloatBuffer(float[],long,int,java.lang.foreign.MemorySegment)",71,20253,20786
20791,"FloatBuffer","FloatBuffer(int,int,int,int,java.lang.foreign.MemorySegment)",71,20253,20791
20797,"FloatBuffer","FloatBuffer(int,int,int,int,float[],int,java.lang.foreign.MemorySegment)",71,20253,20797
20900,"IntBuffer","IntBuffer(int[],long,int,java.lang.foreign.MemorySegment)",71,20273,20900
20905,"IntBuffer","IntBuffer(int,int,int,int,java.lang.foreign.MemorySegment)",71,20273,20905
20911,"IntBuffer","IntBuffer(int,int,int,int,int[],int,java.lang.foreign.MemorySegment)",71,20273,20911
21014,"LongBuffer","LongBuffer(long[],long,int,java.lang.foreign.MemorySegment)",71,20263,21014
21019,"LongBuffer","LongBuffer(int,int,int,int,java.lang.foreign.MemorySegment)",71,20263,21019
21025,"LongBuffer","LongBuffer(int,int,int,int,long[],int,java.lang.foreign.MemorySegment)",71,20263,21025
21065,"MappedByteBuffer","MappedByteBuffer(int,int,int,int,java.lang.foreign.MemorySegment)",71,21036,21065
21071,"MappedByteBuffer","MappedByteBuffer(int,int,int,int,boolean,java.lang.foreign.MemorySegment)",71,21036,21071
21078,"MappedByteBuffer","MappedByteBuffer(int,int,int,int,java.io.FileDescriptor,boolean,java.lang.foreign.MemorySegment)",71,21036,21078
21179,"ShortBuffer","ShortBuffer(short[],long,int,java.lang.foreign.MemorySegment)",71,20283,21179
21184,"ShortBuffer","ShortBuffer(int,int,int,int,java.lang.foreign.MemorySegment)",71,20283,21184
21190,"ShortBuffer","ShortBuffer(int,int,int,int,short[],int,java.lang.foreign.MemorySegment)",71,20283,21190
21212,"AsynchronousCloseException","AsynchronousCloseException()",71,21208,21212
21322,"AsynchronousFileChannel","AsynchronousFileChannel()",71,21213,21322
21335,"ClosedChannelException","ClosedChannelException()",71,21211,21335
21453,"FileChannel","FileChannel()",71,21347,21453
21470,"FileLock","FileLock(java.nio.channels.AsynchronousFileChannel,long,long,boolean)",71,21250,21470
21475,"FileLock","FileLock(java.nio.channels.FileChannel,long,long,boolean)",71,21250,21475
21548,"AbstractInterruptibleChannel","AbstractInterruptibleChannel()",71,21355,21548
21553,"CharacterCodingException","CharacterCodingException()",71,12455,21553
21585,"Charset","Charset(java.lang.String,java.lang.String[])",71,7419,21585
21645,"CharsetDecoder","CharsetDecoder(java.nio.charset.Charset,float,float)",71,21575,21645
21692,"CharsetEncoder","CharsetEncoder(java.nio.charset.Charset,float,float)",71,21573,21692
21696,"CharsetEncoder","CharsetEncoder(java.nio.charset.Charset,float,float,byte[])",71,21573,21696
21750,"Enum<AccessMode>","Enum<AccessMode>(java.lang.String,int)",71,21730,7932
21823,"FileStore","FileStore()",71,21792,21823
21850,"FileSystem","FileSystem()",71,21824,21850
21874,"Enum<LinkOption>","Enum<LinkOption>(java.lang.String,int)",71,21854,7932
22094,"UserPrincipalLookupService","UserPrincipalLookupService()",71,21830,22094
22226,"FileSystemProvider","FileSystemProvider()",71,21848,22226
22253,"AccessControlContext","AccessControlContext(java.security.ProtectionDomain[],java.security.AccessControlContext)",71,13206,22253
22256,"AccessControlContext","AccessControlContext(java.security.ProtectionDomain[],boolean)",71,13206,22256
22262,"AccessControlContext","AccessControlContext(java.security.ProtectionDomain,java.security.DomainCombiner,java.security.AccessControlContext,java.security.AccessControlContext,java.security.Permission[])",71,13206,22262
22268,"AccessControlContext","AccessControlContext(java.security.AccessControlContext,java.security.DomainCombiner,boolean)",71,13206,22268
22272,"AccessControlContext","AccessControlContext(java.security.AccessControlContext,java.security.DomainCombiner)",71,13206,22272
22275,"AccessControlContext","AccessControlContext(java.security.ProtectionDomain[])",71,13206,22275
22285,"AccessControlException","AccessControlException(java.lang.String,java.security.Permission)",71,22241,22285
22288,"AccessControlException","AccessControlException(java.lang.String)",71,22241,22288
22301,"BasicPermission","BasicPermission(java.lang.String,java.lang.String)",71,8815,22301
22304,"BasicPermission","BasicPermission(java.lang.String)",71,8815,22304
22317,"CodeSigner","CodeSigner(java.security.cert.CertPath,java.security.Timestamp)",71,22306,22317
22343,"CodeSource","CodeSource(java.net.URL,java.security.CodeSigner[])",71,22320,22343
22346,"CodeSource","CodeSource(java.net.URL,java.security.cert.Certificate[])",71,22320,22346
22360,"GeneralSecurityException","GeneralSecurityException(java.lang.Throwable)",71,22357,22360
22362,"GeneralSecurityException","GeneralSecurityException(java.lang.String,java.lang.Throwable)",71,22357,22362
22365,"GeneralSecurityException","GeneralSecurityException(java.lang.String)",71,22357,22365
22367,"GeneralSecurityException","GeneralSecurityException()",71,22357,22367
22378,"InvalidKeyException","InvalidKeyException(java.lang.Throwable)",71,22374,22378
22380,"InvalidKeyException","InvalidKeyException(java.lang.String,java.lang.Throwable)",71,22374,22380
22383,"InvalidKeyException","InvalidKeyException(java.lang.String)",71,22374,22383
22385,"InvalidKeyException","InvalidKeyException()",71,22374,22385
22398,"KeyException","KeyException(java.lang.Throwable)",71,22377,22398
22400,"KeyException","KeyException(java.lang.String,java.lang.Throwable)",71,22377,22400
22403,"KeyException","KeyException(java.lang.String)",71,22377,22403
22405,"KeyException","KeyException()",71,22377,22405
22409,"NoSuchAlgorithmException","NoSuchAlgorithmException(java.lang.Throwable)",71,22406,22409
22411,"NoSuchAlgorithmException","NoSuchAlgorithmException(java.lang.String,java.lang.Throwable)",71,22406,22411
22414,"NoSuchAlgorithmException","NoSuchAlgorithmException(java.lang.String)",71,22406,22414
22416,"NoSuchAlgorithmException","NoSuchAlgorithmException()",71,22406,22416
22420,"NoSuchProviderException","NoSuchProviderException(java.lang.String)",71,22417,22420
22422,"NoSuchProviderException","NoSuchProviderException()",71,22417,22422
22437,"Permission","Permission(java.lang.String)",71,11942,22437
22453,"PermissionCollection","PermissionCollection()",71,22293,22453
22476,"PrivilegedActionException","PrivilegedActionException(java.lang.Exception)",71,22470,22476
22488,"Key","Key()",71,22485,22488
22505,"ProtectionDomain","ProtectionDomain(java.security.CodeSource,java.security.PermissionCollection,java.lang.ClassLoader,java.security.Principal[])",71,9574,22505
22510,"ProtectionDomain","ProtectionDomain(java.security.CodeSource,java.security.PermissionCollection)",71,9574,22510
22531,"Service","Service(java.security.Provider,java.lang.String,java.lang.String,java.lang.String,java.util.List,java.util.Map)",71,22514,22531
22639,"Provider","Provider(java.lang.String,java.lang.String,java.lang.String)",71,22517,22639
22643,"Provider","Provider(java.lang.String,double,java.lang.String)",71,22517,22643
22660,"SignatureException","SignatureException(java.lang.Throwable)",71,22657,22660
22662,"SignatureException","SignatureException(java.lang.String,java.lang.Throwable)",71,22657,22662
22665,"SignatureException","SignatureException(java.lang.String)",71,22657,22665
22667,"SignatureException","SignatureException()",71,22657,22667
22677,"Timestamp","Timestamp(java.util.Date,java.security.cert.CertPath)",71,22313,22677
22704,"CertPath","CertPath(java.lang.String)",71,22315,22704
22741,"Certificate","Certificate(java.lang.String)",71,22333,22741
22745,"CertificateEncodingException","CertificateEncodingException(java.lang.Throwable)",71,22694,22745
22747,"CertificateEncodingException","CertificateEncodingException(java.lang.String,java.lang.Throwable)",71,22694,22747
22750,"CertificateEncodingException","CertificateEncodingException(java.lang.String)",71,22694,22750
22752,"CertificateEncodingException","CertificateEncodingException()",71,22694,22752
22755,"CertificateException","CertificateException(java.lang.Throwable)",71,22715,22755
22757,"CertificateException","CertificateException(java.lang.String,java.lang.Throwable)",71,22715,22757
22760,"CertificateException","CertificateException(java.lang.String)",71,22715,22760
22762,"CertificateException","CertificateException()",71,22715,22762
22777,"Attribute","Attribute(java.lang.String)",71,22763,22777
22840,"FieldPosition","FieldPosition(java.text.Format.Field,int)",71,22822,22840
22843,"FieldPosition","FieldPosition(java.text.Format.Field)",71,22822,22843
22845,"FieldPosition","FieldPosition(int)",71,22822,22845
22853,"Field","Field(java.lang.String)",71,22838,22853
22904,"Format","Format()",71,22852,22904
22908,"ParseException","ParseException(java.lang.String,int)",71,22890,22908
22920,"ParsePosition","ParsePosition(int)",71,22892,22920
22944,"Clock","Clock()",71,22927,22944
22987,"Enum<DayOfWeek>","Enum<DayOfWeek>(java.lang.String,int)",71,22967,7932
23939,"Enum<Month>","Enum<Month>(java.lang.String,int)",71,23919,7932
24396,"ZoneId","ZoneId()",71,22940,24396
24817,"AbstractChronology","AbstractChronology()",71,24761,24817
25138,"Enum<IsoEra>","Enum<IsoEra>(java.lang.String,int)",71,25118,7932
25226,"DateTimeFormatter","DateTimeFormatter(java.time.format.DateTimeFormatterBuilder.CompositePrinterParser,java.util.Locale,java.time.format.DecimalStyle,java.time.format.ResolverStyle,java.util.Set,java.time.chrono.Chronology,java.time.ZoneId)",71,23334,25226
25420,"DateTimeFormatterBuilder","DateTimeFormatterBuilder()",71,25275,25420
25483,"DateTimeParseContext","DateTimeParseContext(java.time.format.DateTimeFormatter)",71,25277,25483
25500,"DateTimePrintContext","DateTimePrintContext(java.time.temporal.TemporalAccessor,java.time.format.DateTimeFormatter)",71,25282,25500
25556,"Enum<FormatStyle>","Enum<FormatStyle>(java.lang.String,int)",71,25536,7932
25588,"Parsed","Parsed()",71,25456,25588
25618,"Enum<ResolverStyle>","Enum<ResolverStyle>(java.lang.String,int)",71,25598,7932
25655,"Enum<SignStyle>","Enum<SignStyle>(java.lang.String,int)",71,25635,7932
25698,"Enum<TextStyle>","Enum<TextStyle>(java.lang.String,int)",71,25678,7932
25743,"Enum<ChronoField>","Enum<ChronoField>(java.lang.String,int)",71,25723,7932
25831,"Enum<ChronoUnit>","Enum<ChronoUnit>(java.lang.String,int)",71,25811,7932
26041,"ZoneOffsetTransition","ZoneOffsetTransition(long,java.time.ZoneOffset,java.time.ZoneOffset)",71,26005,26041
26045,"ZoneOffsetTransition","ZoneOffsetTransition(java.time.LocalDateTime,java.time.ZoneOffset,java.time.ZoneOffset)",71,26005,26045
26076,"Enum<TimeDefinition>","Enum<TimeDefinition>(java.lang.String,int)",71,26056,7932
26120,"ZoneOffsetTransitionRule","ZoneOffsetTransitionRule(java.time.Month,int,java.time.DayOfWeek,java.time.LocalTime,boolean,java.time.zone.ZoneOffsetTransitionRule.TimeDefinition,java.time.ZoneOffset,java.time.ZoneOffset,java.time.ZoneOffset)",71,26081,26120
26184,"ZoneRules","ZoneRules(java.time.ZoneOffset,java.time.ZoneOffset,java.util.List,java.util.List,java.util.List)",71,24390,26184
26311,"AbstractCollection<E>","AbstractCollection<E>()",71,26244,1178
26513,"AbstractCollection<E>","AbstractCollection<E>()",71,26439,1178
26710,"AbstractSet","AbstractSet()",71,12167,26710
26772,"AbstractCollection<E>","AbstractCollection<E>()",71,26712,1178
26858,"AbstractList<E>","AbstractList<E>()",71,26711,1538
28770,"Date","Date(java.lang.String)",71,22675,28770
28775,"Date","Date(int,int,int,int,int,int)",71,22675,28775
28785,"Date","Date(int,int,int,int,int)",71,22675,28785
28794,"Date","Date(int,int,int)",71,22675,28794
28801,"Date","Date(long)",71,22675,28801
28803,"Date","Date()",71,22675,28803
28929,"Dictionary","Dictionary()",71,19968,28929
28944,"DoubleSummaryStatistics","DoubleSummaryStatistics(long,double,double,double)",71,28930,28944
28950,"DoubleSummaryStatistics","DoubleSummaryStatistics()",71,28930,28950
29028,"AbstractCollection<E>","AbstractCollection<E>()",71,28953,1178
29059,"AbstractSet<E>","AbstractSet<E>()",71,28952,26710
29251,"EnumSet","EnumSet(java.lang.Class,java.lang.Enum[])",71,12163,29251
29277,"Dictionary<K,V>","Dictionary<K,V>()",71,29263,28929
29439,"Hashtable","Hashtable(java.lang.Void)",71,19964,29439
29441,"Hashtable","Hashtable(java.util.Map)",71,19964,29441
29443,"Hashtable","Hashtable()",71,19964,29443
29444,"Hashtable","Hashtable(int)",71,19964,29444
29446,"Hashtable","Hashtable(int,float)",71,19964,29446
29463,"IntSummaryStatistics","IntSummaryStatistics(long,int,int,long)",71,29449,29463
29469,"IntSummaryStatistics","IntSummaryStatistics()",71,29449,29469
29473,"InvalidPropertiesFormatException","InvalidPropertiesFormatException(java.lang.String)",71,29470,29473
29475,"InvalidPropertiesFormatException","InvalidPropertiesFormatException(java.lang.Throwable)",71,29470,29475
29576,"Enum<Category>","Enum<Category>(java.lang.String,int)",71,29556,7932
29618,"Enum<FilteringMode>","Enum<FilteringMode>(java.lang.String,int)",71,29598,7932
29658,"Enum<IsoCountryCode>","Enum<IsoCountryCode>(java.lang.String,int)",71,29638,7932
29696,"LanguageRange","LanguageRange(java.lang.String,double)",71,29676,29696
29699,"LanguageRange","LanguageRange(java.lang.String)",71,29676,29699
29813,"Locale","Locale(java.lang.String)",71,5223,29813
29818,"Locale","Locale(java.lang.String,java.lang.String)",71,5223,29818
29824,"Locale","Locale(java.lang.String,java.lang.String,java.lang.String)",71,5223,29824
29871,"LongSummaryStatistics","LongSummaryStatistics(long,long,long,long)",71,29855,29871
29877,"LongSummaryStatistics","LongSummaryStatistics()",71,29855,29877
29944,"MissingResourceException","MissingResourceException(java.lang.String,java.lang.String,java.lang.String,java.lang.Throwable)",71,29747,29944
29949,"MissingResourceException","MissingResourceException(java.lang.String,java.lang.String,java.lang.String)",71,29747,29949
30633,"Dictionary<Object,Object>","Dictionary<Object,Object>()",71,30620,28929
30765,"Hashtable<Object,Object>","Hashtable<Object,Object>(java.lang.Void)",71,30619,29439
30767,"Hashtable<Object,Object>","Hashtable<Object,Object>(java.util.Map)",71,30619,29441
30769,"Hashtable<Object,Object>","Hashtable<Object,Object>()",71,30619,29443
30770,"Hashtable<Object,Object>","Hashtable<Object,Object>(int)",71,30619,29444
30772,"Hashtable<Object,Object>","Hashtable<Object,Object>(int,float)",71,30619,29446
30902,"Properties","Properties(java.util.Properties)",71,12904,30902
30904,"Properties","Properties(int)",71,12904,30904
30906,"Properties","Properties()",71,12904,30906
31027,"Random","Random(long)",71,6798,31027
31029,"Random","Random()",71,6798,31029
31074,"Control","Control()",71,31033,31074
31140,"ResourceBundle","ResourceBundle()",71,12829,31140
31482,"Reference<Object>","Reference<Object>(java.lang.Object,java.lang.ref.ReferenceQueue)",71,10564,10686
31485,"Reference<Object>","Reference<Object>(java.lang.Object)",71,10564,10695
31499,"WeakReference<Object>","WeakReference<Object>(java.lang.Object,java.lang.ref.ReferenceQueue)",71,10563,10734
31502,"WeakReference<Object>","WeakReference<Object>(java.lang.Object)",71,10563,10740
31522,"Entry","Entry(java.lang.Object,java.lang.Object,java.lang.ref.ReferenceQueue,int,java.util.WeakHashMap.Entry)",71,10558,31522
31617,"AbstractMap<K,V>","AbstractMap<K,V>()",71,31531,10478
31628,"CompletionException","CompletionException(java.lang.Throwable)",71,31625,31628
31630,"CompletionException","CompletionException(java.lang.String,java.lang.Throwable)",71,31625,31630
31633,"CompletionException","CompletionException(java.lang.String)",71,31625,31633
31635,"CompletionException","CompletionException()",71,31625,31635
31720,"CollectionView","CollectionView(java.util.concurrent.ConcurrentHashMap)",71,31636,31720
31803,"CollectionView<K,V,K>","CollectionView<K,V,K>(java.util.concurrent.ConcurrentHashMap)",71,31728,31720
31847,"KeySetView","KeySetView(java.util.concurrent.ConcurrentHashMap,java.lang.Object)",71,31723,31847
31875,"Node","Node(int,java.lang.Object,java.lang.Object,java.util.concurrent.ConcurrentHashMap.Node)",71,31850,31875
31880,"Node","Node(int,java.lang.Object,java.lang.Object)",71,31850,31880
31998,"AbstractMap<K,V>","AbstractMap<K,V>()",71,31890,10478
32473,"ConcurrentHashMap","ConcurrentHashMap(int,float,int)",71,9794,32473
32477,"ConcurrentHashMap","ConcurrentHashMap(int,float)",71,9794,32477
32480,"ConcurrentHashMap","ConcurrentHashMap(java.util.Map)",71,9794,32480
32482,"ConcurrentHashMap","ConcurrentHashMap(int)",71,9794,32482
32484,"ConcurrentHashMap","ConcurrentHashMap()",71,9794,32484
32607,"ExecutionException","ExecutionException(java.lang.Throwable)",71,32604,32607
32609,"ExecutionException","ExecutionException(java.lang.String,java.lang.Throwable)",71,32604,32609
32612,"ExecutionException","ExecutionException(java.lang.String)",71,32604,32612
32614,"ExecutionException","ExecutionException()",71,32604,32614
32729,"Enum<State>","Enum<State>(java.lang.String,int)",71,32709,7932
32788,"Enum<TimeUnit>","Enum<TimeUnit>(java.lang.String,int)",71,32768,7932
32842,"TimeoutException","TimeoutException(java.lang.String)",71,32636,32842
32844,"TimeoutException","TimeoutException()",71,32636,32844
32918,"AtomicInteger","AtomicInteger()",71,3394,32918
33423,"Enum<Characteristics>","Enum<Characteristics>(java.lang.String,int)",71,33403,7932
34274,"Subject","Subject(boolean,java.util.Set,java.util.Set,java.util.Set)",71,22456,34274
34279,"Subject","Subject()",71,22456,34279
34460,"AbstractMemorySegmentImpl","AbstractMemorySegmentImpl(long,boolean,java.lang.foreign.MemorySession)",71,34358,34460
34478,"ResourceCleanup","ResourceCleanup()",71,34470,34478
34489,"ResourceList","ResourceList()",71,34473,34489
34532,"MemorySessionImpl","MemorySessionImpl(java.lang.Thread,jdk.internal.foreign.MemorySessionImpl.ResourceList,java.lang.ref.Cleaner)",71,20176,34532
34584,"Enum<Feature>","Enum<Feature>(java.lang.String,int)",71,34564,7932
34624,"NativeLibrary","NativeLibrary()",71,9825,34624
34643,"ScopedAccessError","ScopedAccessError(java.util.function.Supplier)",71,34543,34643
37654,"VM","VM()",71,37598,37654
37665,"ServiceProvider","ServiceProvider(java.lang.Module,java.lang.String)",71,37655,37665
37697,"CleanerImpl","CleanerImpl()",71,18254,37697
37715,"Reference<T>","Reference<T>(java.lang.Object,java.lang.ref.ReferenceQueue)",71,37711,10686
37718,"Reference<T>","Reference<T>(java.lang.Object)",71,37711,10695
37732,"PhantomReference<T>","PhantomReference<T>(java.lang.Object,java.lang.ref.ReferenceQueue)",71,37710,18277
37744,"PhantomCleanable","PhantomCleanable()",71,7669,37744
37745,"PhantomCleanable","PhantomCleanable(java.lang.Object,java.lang.ref.Cleaner)",71,7669,37745
37782,"Enum<Tag>","Enum<Tag>(java.lang.String,int)",71,37762,7932
37847,"ConstantPool","ConstantPool()",71,9565,37847
37933,"MagicAccessorImpl","MagicAccessorImpl()",71,37930,37933
37961,"MethodAccessorImpl","MethodAccessorImpl()",71,37947,37961
38126,"RandomSupport","RandomSupport()",71,38044,38126
38160,"Enum<Pinned>","Enum<Pinned>(java.lang.String,int)",71,38140,7932
38198,"Enum<PreemptStatus>","Enum<PreemptStatus>(java.lang.String,int)",71,38178,7932
38255,"Continuation","Continuation(jdk.internal.vm.ContinuationScope,java.lang.Runnable)",71,12099,38255
38265,"ContinuationScope","ContinuationScope()",71,12101,38265
38266,"ContinuationScope","ContinuationScope(java.lang.String)",71,12101,38266
38279,"BindingsSnapshot","BindingsSnapshot(java.lang.Object,jdk.internal.vm.ExtentLocalContainer)",71,38269,38279
38322,"StackableScope","StackableScope()",71,13068,38322
38323,"StackableScope","StackableScope(boolean)",71,13068,38323
38340,"ThreadContainer","ThreadContainer(boolean)",71,13072,38340
38582,"Vector","Vector(java.lang.Object)",71,35701,38582
38631,"VectorMask","VectorMask(java.lang.Object)",71,35709,38631
38643,"VectorPayload","VectorPayload(java.lang.Object)",71,35706,38643
38659,"VectorShuffle","VectorShuffle(java.lang.Object)",71,38492,38659
38662,"VectorSpecies","VectorSpecies()",71,35763,38662
39259,"VectorSupport","VectorSupport()",71,35707,39259
39404,"Enum<Wrapper>","Enum<Wrapper>(java.lang.String,int)",71,39384,7932
39586,"AbstractRepository","AbstractRepository(java.lang.String,sun.reflect.generics.factory.GenericsFactory)",71,39576,39586
39602,"AbstractRepository<MethodTypeSignature>","AbstractRepository<MethodTypeSignature>(java.lang.String,sun.reflect.generics.factory.GenericsFactory)",71,39599,39586
39610,"GenericDeclRepository","GenericDeclRepository(java.lang.String,sun.reflect.generics.factory.GenericsFactory)",71,39596,39610
39613,"GenericDeclRepository<MethodTypeSignature>","GenericDeclRepository<MethodTypeSignature>(java.lang.String,sun.reflect.generics.factory.GenericsFactory)",71,39595,39610
39624,"ConstructorRepository","ConstructorRepository(java.lang.String,sun.reflect.generics.factory.GenericsFactory)",71,18585,39624
39632,"AbstractRepository<S>","AbstractRepository<S>(java.lang.String,sun.reflect.generics.factory.GenericsFactory)",71,39628,39586
40021,"Debug","Debug()",71,22277,40021
40078,"Extension","Extension(char,java.lang.String)",71,40069,40078
40081,"Extension","Extension(char)",71,40069,40081
40091,"CaseInsensitiveChar","CaseInsensitiveChar(char)",71,40083,40091
40100,"CaseInsensitiveString","CaseInsensitiveString(java.lang.String)",71,40093,40100
40148,"InternalLocaleBuilder","InternalLocaleBuilder()",71,40086,40148
40240,"LocaleExtensions","LocaleExtensions(java.util.Map,java.util.Set,java.util.Map)",71,29755,40240
40249,"LocaleSyntaxException","LocaleSyntaxException(java.lang.String,int)",71,40114,40249
40252,"LocaleSyntaxException","LocaleSyntaxException(java.lang.String)",71,40114,40252
40261,"ParseStatus","ParseStatus()",71,40205,40261
